customer_id,frequency,total_spend,aov,recency_days,T_days,avg_interpurchase_days,active_months,purchase_days_std,category_diversity,avg_order_value,first_purchase,last_purchase,unique_days,LTV_target
12346.0,11,372.86,11.298787878787879,163,360,32.72727272727273,4,36.659999393829175,0,11.298787878787879,2009-12-14 08:34:00,2010-06-28 13:53:00,7,77183.6
12347.0,2,2035.1100000000001,19.952058823529413,1,38,19.0,2,0.0,0,19.952058823529413,2010-10-31 14:20:00,2010-12-07 14:57:00,2,3598.21
12348.0,1,222.15999999999997,11.107999999999999,72,72,72.0,1,0.0,0,11.107999999999999,2010-09-27 14:59:00,2010-09-27 14:59:00,1,1797.24
12349.0,3,2671.14,26.18764705882353,42,223,74.33333333333333,3,101.82337649086284,0,26.18764705882353,2010-04-29 13:20:00,2010-10-28 08:23:00,3,1757.55
12351.0,1,300.93,14.33,9,9,9.0,1,0.0,0,14.33,2010-11-29 15:23:00,2010-11-29 15:23:00,1,0.0
12352.0,2,343.8,19.1,10,27,13.5,1,0.0,0,19.1,2010-11-12 10:20:00,2010-11-29 10:07:00,2,2506.04
12353.0,1,317.76,15.888,43,43,43.0,1,0.0,0,15.888,2010-10-27 12:44:00,2010-10-27 12:44:00,1,89.0
12355.0,1,488.21000000000004,22.191363636363636,202,202,202.0,1,0.0,0,22.191363636363636,2010-05-21 11:59:00,2010-05-21 11:59:00,1,459.40000000000003
12356.0,3,3562.25,42.407738095238095,15,59,19.666666666666668,2,13.435028842544403,0,42.407738095238095,2010-10-11 09:42:00,2010-11-24 12:24:00,3,2811.43
12357.0,2,12079.99,73.2120606060606,22,23,11.5,1,0.0,0,73.2120606060606,2010-11-16 10:05:00,2010-11-16 14:29:00,1,6207.67
12358.0,3,2719.01,46.879482758620696,10,366,122.0,3,4.949747468305833,0,46.879482758620696,2009-12-08 07:59:00,2010-11-29 10:56:00,3,1168.06
12359.0,6,2563.36,21.90905982905983,60,368,61.333333333333336,4,45.85084513943009,0,21.90905982905983,2009-12-05 13:32:00,2010-10-10 11:16:00,6,6372.58
12360.0,5,1590.83,18.077613636363637,14,290,58.0,4,71.26710321038733,0,18.077613636363637,2010-02-22 09:32:00,2010-11-25 11:04:00,5,2662.06
12361.0,3,321.35,16.913157894736845,96,316,105.33333333333333,3,9.192388155425117,0,16.913157894736845,2010-01-26 14:37:00,2010-09-03 15:19:00,3,189.9
12362.0,1,130.0,130.0,373,373,373.0,1,0.0,0,130.0,2009-12-01 10:10:00,2009-12-01 10:10:00,1,5226.2300000000005
12366.0,1,500.24,166.74666666666667,268,268,268.0,1,0.0,0,166.74666666666667,2010-03-16 10:28:00,2010-03-16 10:28:00,1,0.0
12368.0,1,917.7,50.983333333333334,262,262,262.0,1,0.0,0,50.983333333333334,2010-03-21 15:56:00,2010-03-21 15:56:00,1,0.0
12369.0,3,1791.15,19.25967741935484,47,276,92.0,3,111.01576464628796,0,19.25967741935484,2010-03-08 08:09:00,2010-10-22 13:13:00,3,0.0
12370.0,3,774.62,22.132,259,303,101.0,2,31.11269837220809,0,22.132,2010-02-09 09:41:00,2010-03-25 12:10:00,2,3545.69
12371.0,3,2179.42,20.95596153846154,43,279,93.0,2,166.17009357883867,0,20.95596153846154,2010-03-04 18:23:00,2010-10-26 13:37:00,2,1887.96
12373.0,2,763.0500000000001,20.622972972972974,258,308,154.0,2,0.0,0,20.622972972972974,2010-02-04 12:08:00,2010-03-25 13:49:00,2,364.6
12374.0,3,2246.29,44.9258,55,222,74.0,2,117.37972567696688,0,44.9258,2010-04-30 14:01:00,2010-10-14 13:31:00,2,742.9300000000001
12376.0,2,503.15,38.70384615384615,24,52,26.0,2,0.0,0,38.70384615384615,2010-10-18 08:42:00,2010-11-15 12:15:00,2,0.0
12377.0,2,1798.2,23.976,15,223,111.5,2,0.0,0,23.976,2010-04-29 15:34:00,2010-11-23 19:24:00,2,1628.1200000000001
12378.0,1,1407.7,17.167073170731708,196,196,196.0,1,0.0,0,17.167073170731708,2010-05-26 14:07:00,2010-05-26 14:07:00,1,4008.62
12379.0,2,767.98,18.73121951219512,56,169,84.5,2,0.0,0,18.73121951219512,2010-06-23 12:49:00,2010-10-13 14:46:00,2,852.24
12380.0,7,6951.49,40.18202312138728,99,297,42.42857142857143,4,48.21064889281897,0,40.18202312138728,2010-02-15 12:05:00,2010-08-31 14:54:00,4,2724.81
12385.0,1,1938.4,29.821538461538463,13,13,13.0,1,0.0,0,29.821538461538463,2010-11-25 15:14:00,2010-11-25 15:14:00,1,0.0
12386.0,1,517.8000000000001,32.362500000000004,1,1,1.0,1,0.0,0,32.362500000000004,2010-12-08 09:53:00,2010-12-08 09:53:00,1,143.0
12387.0,1,143.94,15.993333333333332,49,49,49.0,1,0.0,0,15.993333333333332,2010-10-20 16:27:00,2010-10-20 16:27:00,1,0.0
12388.0,2,1120.45,24.357608695652175,80,216,108.0,2,0.0,0,24.357608695652175,2010-05-06 12:54:00,2010-09-20 12:41:00,2,2780.6600000000003
12389.0,3,1433.33,29.251632653061222,37,290,96.66666666666667,3,53.74011537017761,0,29.251632653061222,2010-02-22 10:15:00,2010-11-02 11:52:00,3,0.0
12391.0,5,2312.53,12.776408839779007,99,297,59.4,3,61.37589103222861,0,12.776408839779007,2010-02-15 10:12:00,2010-09-01 12:38:00,4,460.89
12392.0,1,234.75000000000003,33.53571428571429,225,225,225.0,1,0.0,0,33.53571428571429,2010-04-27 14:04:00,2010-04-27 14:04:00,1,0.0
12393.0,2,816.85,18.996511627906976,16,62,31.0,2,0.0,0,18.996511627906976,2010-10-07 13:49:00,2010-11-22 16:10:00,2,1582.6000000000001
12395.0,4,2394.74,21.770363636363633,5,237,59.25,4,37.72267222772003,0,21.770363636363633,2010-04-16 10:16:00,2010-12-03 16:35:00,4,2672.53
12396.0,1,931.4300000000001,14.329692307692309,308,308,308.0,1,0.0,0,14.329692307692309,2010-02-03 13:22:00,2010-02-03 13:22:00,1,0.0
12399.0,3,853.65,16.738235294117647,20,279,93.0,3,5.656854249492381,0,16.738235294117647,2010-03-05 08:45:00,2010-11-19 08:53:00,3,1108.65
12400.0,1,205.25,18.65909090909091,48,48,48.0,1,0.0,0,18.65909090909091,2010-10-21 13:45:00,2010-10-21 13:45:00,1,0.0
12402.0,5,1031.3,17.47966101694915,27,305,61.0,5,9.092121131323903,0,17.47966101694915,2010-02-07 12:41:00,2010-11-12 09:50:00,5,225.60000000000002
12403.0,1,591.6600000000001,147.91500000000002,156,156,156.0,1,0.0,0,147.91500000000002,2010-07-06 11:39:00,2010-07-06 11:39:00,1,427.7
12404.0,1,63.24,63.24,316,316,316.0,1,0.0,0,63.24,2010-01-26 16:25:00,2010-01-26 16:25:00,1,0.0
12406.0,3,2975.06,48.771475409836064,34,331,110.33333333333333,3,67.17514421272202,0,48.771475409836064,2010-01-11 14:04:00,2010-11-05 11:42:00,3,3415.3
12408.0,3,1452.22,26.892962962962965,19,132,44.0,3,12.727922061357855,0,26.892962962962965,2010-07-29 13:27:00,2010-11-19 13:21:00,3,2888.55
12409.0,4,12346.62,79.65561290322582,55,199,49.75,4,48.99319680663156,0,79.65561290322582,2010-05-23 15:21:00,2010-10-15 10:24:00,4,11072.67
12410.0,1,320.38,22.884285714285713,136,136,136.0,1,0.0,0,22.884285714285713,2010-07-25 13:26:00,2010-07-25 13:26:00,1,693.33
12411.0,1,346.9,15.768181818181818,44,44,44.0,1,0.0,0,15.768181818181818,2010-10-26 09:25:00,2010-10-26 09:25:00,1,0.0
12412.0,3,1370.05,20.758333333333333,36,173,57.666666666666664,3,23.33452377915607,0,20.758333333333333,2010-06-18 13:22:00,2010-11-02 17:02:00,3,1226.88
12413.0,1,241.35,18.565384615384616,36,36,36.0,1,0.0,0,18.565384615384616,2010-11-02 13:26:00,2010-11-02 13:26:00,1,758.1
12414.0,3,390.0,39.0,97,98,32.666666666666664,1,0.0,0,39.0,2010-09-02 12:22:00,2010-09-02 13:47:00,1,562.4100000000001
12415.0,7,19543.84,92.18792452830189,9,162,23.142857142857142,4,26.267851073127396,0,92.18792452830189,2010-06-30 08:30:00,2010-11-29 15:07:00,7,124914.53
12416.0,1,202.56,18.414545454545454,291,291,291.0,1,0.0,0,18.414545454545454,2010-02-21 10:19:00,2010-02-21 10:19:00,1,0.0
12417.0,11,3167.81,17.796685393258425,44,368,33.45454545454545,8,24.879487311616547,0,17.796685393258425,2009-12-06 10:30:00,2010-10-25 14:27:00,11,3649.1
12418.0,3,1352.62,19.891470588235293,48,264,88.0,3,77.07463914933368,0,19.891470588235293,2010-03-19 14:47:00,2010-10-22 10:29:00,3,668.58
12419.0,2,503.01,20.1204,20,48,24.0,2,0.0,0,20.1204,2010-10-22 10:40:00,2010-11-19 10:04:00,2,0.0
12421.0,2,291.56,14.578,49,139,69.5,2,0.0,0,14.578,2010-07-22 13:57:00,2010-10-20 14:28:00,2,807.04
12422.0,14,4428.24,33.29503759398496,28,356,25.428571428571427,8,24.074936429875862,0,33.29503759398496,2009-12-18 12:44:00,2010-11-10 13:19:00,11,803.5600000000001
12423.0,2,763.08,19.077,22,100,50.0,2,0.0,0,19.077,2010-08-31 09:31:00,2010-11-17 11:33:00,2,1859.31
12424.0,2,1579.07,25.468870967741935,57,182,91.0,2,0.0,0,25.468870967741935,2010-06-09 15:15:00,2010-10-13 10:29:00,2,1760.96
12425.0,1,964.21,17.53109090909091,82,82,82.0,1,0.0,0,17.53109090909091,2010-09-17 14:10:00,2010-09-17 14:10:00,1,777.2
12426.0,1,762.48,16.222978723404257,297,297,297.0,1,0.0,0,16.222978723404257,2010-02-15 08:41:00,2010-02-15 08:41:00,1,582.73
12427.0,1,607.0,30.35,6,6,6.0,1,0.0,0,30.35,2010-12-03 10:44:00,2010-12-03 10:44:00,1,522.3
12429.0,5,5017.01,52.26052083333334,0,180,36.0,3,53.38539126015655,0,52.26052083333334,2010-06-11 13:28:00,2010-12-09 12:05:00,3,2468.9
12431.0,13,4728.77,25.699836956521743,8,328,25.23076923076923,9,24.05045202120414,0,25.699836956521743,2010-01-15 09:04:00,2010-12-01 10:03:00,11,6129.2
12433.0,5,10992.51,25.386859122401848,0,111,22.2,4,17.173137938847013,0,25.386859122401848,2010-08-20 09:23:00,2010-12-08 16:49:00,5,9588.75
12434.0,1,297.29,14.864500000000001,15,15,15.0,1,0.0,0,14.864500000000001,2010-11-23 13:38:00,2010-11-23 13:38:00,1,806.14
12435.0,4,6096.04,80.21105263157895,31,371,92.75,4,41.63331998932266,0,80.21105263157895,2009-12-02 13:58:00,2010-11-08 10:07:00,4,7829.89
12437.0,21,7731.99,21.24173076923077,29,371,17.666666666666668,10,15.550934986275534,0,21.24173076923077,2009-12-02 16:24:00,2010-11-09 14:46:00,19,4951.41
12439.0,2,1158.18,16.085833333333333,317,360,180.0,2,0.0,0,16.085833333333333,2009-12-14 08:40:00,2010-01-26 12:11:00,2,0.0
12440.0,2,859.2,26.85,96,352,176.0,2,0.0,0,26.85,2009-12-22 12:03:00,2010-09-03 13:11:00,2,0.0
12441.0,1,347.1,15.77727272727273,1,1,1.0,1,0.0,0,15.77727272727273,2010-12-08 10:45:00,2010-12-08 10:45:00,1,0.0
12443.0,1,485.31,23.11,366,366,366.0,1,0.0,0,23.11,2009-12-07 15:42:00,2009-12-07 15:42:00,1,0.0
12445.0,1,301.58000000000004,15.079000000000002,55,55,55.0,1,0.0,0,15.079000000000002,2010-10-15 12:28:00,2010-10-15 12:28:00,1,133.4
12449.0,2,768.6,76.86,45,73,36.5,2,0.0,0,76.86,2010-09-27 09:37:00,2010-10-25 12:21:00,2,4067.29
12450.0,3,490.32,16.90758620689655,33,108,36.0,3,21.213203435596427,0,16.90758620689655,2010-08-22 13:11:00,2010-11-05 16:27:00,3,197.88
12451.0,3,3634.36,23.148789808917197,97,163,54.333333333333336,2,46.66904755831214,0,23.148789808917197,2010-06-28 12:58:00,2010-09-02 15:38:00,2,9035.52
12454.0,4,13151.44,526.0576,30,55,13.75,2,10.785793124908958,0,526.0576,2010-10-14 17:33:00,2010-11-09 10:09:00,4,3528.34
12455.0,4,3413.09,24.913065693430656,79,356,89.0,4,41.06498914322678,0,24.913065693430656,2009-12-18 12:33:00,2010-09-20 14:39:00,4,2466.86
12457.0,1,632.6800000000001,28.75818181818182,69,69,69.0,1,0.0,0,28.75818181818182,2010-09-30 17:59:00,2010-09-30 17:59:00,1,2363.23
12458.0,2,830.09,18.045434782608698,62,122,61.0,2,0.0,0,18.045434782608698,2010-08-09 10:33:00,2010-10-08 11:36:00,2,947.4
12459.0,1,454.36,19.754782608695653,239,239,239.0,1,0.0,0,19.754782608695653,2010-04-13 14:53:00,2010-04-13 14:53:00,1,0.0
12460.0,1,326.65,18.147222222222222,90,90,90.0,1,0.0,0,18.147222222222222,2010-09-09 13:51:00,2010-09-09 13:51:00,1,0.0
12466.0,1,56.73,56.73,316,316,316.0,1,0.0,0,56.73,2010-01-26 16:26:00,2010-01-26 16:26:00,1,0.0
12467.0,1,132.8,14.755555555555556,57,57,57.0,1,0.0,0,14.755555555555556,2010-10-12 15:41:00,2010-10-12 15:41:00,1,0.0
12468.0,3,2941.2,26.260714285714283,161,317,105.66666666666667,3,7.7781745930520225,0,26.260714285714283,2010-01-26 10:09:00,2010-07-01 10:28:00,3,729.54
12469.0,2,3070.54,40.40184210526316,157,171,85.5,2,0.0,0,40.40184210526316,2010-06-21 10:30:00,2010-07-05 12:40:00,2,0.0
12470.0,1,211.95,9.215217391304348,324,324,324.0,1,0.0,0,9.215217391304348,2010-01-19 11:01:00,2010-01-19 11:01:00,1,0.0
12471.0,49,20139.74,29.74850812407681,8,367,7.489795918367347,11,9.536094341088816,0,29.74850812407681,2009-12-07 10:41:00,2010-11-30 14:35:00,28,19824.05
12472.0,13,12939.78,20.155420560747665,3,360,27.692307692307693,10,15.30795000427338,0,20.155420560747665,2009-12-14 10:49:00,2010-12-05 14:19:00,13,4940.81
12474.0,13,5048.66,17.652657342657342,13,301,23.153846153846153,8,18.10805111411814,0,17.652657342657342,2010-02-11 09:41:00,2010-11-26 12:19:00,12,7375.79
12475.0,1,426.26,17.0504,44,44,44.0,1,0.0,0,17.0504,2010-10-26 08:49:00,2010-10-26 08:49:00,1,723.38
12476.0,12,7298.99,25.79148409893993,31,136,11.333333333333334,4,14.683942992881095,0,25.79148409893993,2010-07-26 09:04:00,2010-11-08 09:35:00,8,6816.42
12477.0,3,7056.63,26.72965909090909,34,257,85.66666666666667,3,20.506096654409877,0,26.72965909090909,2010-03-26 14:01:00,2010-11-05 09:35:00,3,13219.74
12480.0,3,2183.2200000000003,24.809318181818185,33,141,47.0,3,36.062445840513924,0,24.809318181818185,2010-07-20 13:21:00,2010-11-05 15:08:00,3,3281.63
12481.0,6,6924.45,37.63288043478261,0,241,40.166666666666664,5,62.62747001117002,0,37.63288043478261,2010-04-11 13:10:00,2010-12-09 10:13:00,6,5436.94
12482.0,29,23691.4,116.1343137254902,210,288,9.931034482758621,3,9.155074255044829,0,116.1343137254902,2010-02-24 10:24:00,2010-05-12 16:51:00,6,0.0
12483.0,11,2635.6,41.18125,13,311,28.272727272727273,7,28.05649063348206,0,41.18125,2010-01-31 13:28:00,2010-11-26 12:35:00,10,2484.98
12484.0,6,1828.43,14.173875968992249,117,315,52.5,4,62.93409250954525,0,14.173875968992249,2010-01-27 16:41:00,2010-08-13 13:45:00,6,4541.72
12485.0,1,708.1,20.826470588235296,163,163,163.0,1,0.0,0,20.826470588235296,2010-06-28 15:22:00,2010-06-28 15:22:00,1,0.0
12486.0,1,1037.28,21.168979591836734,66,66,66.0,1,0.0,0,21.168979591836734,2010-10-04 12:14:00,2010-10-04 12:14:00,1,0.0
12487.0,1,285.3,142.65,365,365,365.0,1,0.0,0,142.65,2009-12-09 11:36:00,2009-12-09 11:36:00,1,0.0
12490.0,11,4405.71,20.302811059907835,12,372,33.81818181818182,9,26.052084582833505,0,20.302811059907835,2009-12-01 12:52:00,2010-11-26 14:16:00,11,5417.93
12492.0,1,452.0,20.545454545454547,37,37,37.0,1,0.0,0,20.545454545454547,2010-11-01 14:58:00,2010-11-01 14:58:00,1,263.21000000000004
12494.0,3,684.37,18.496486486486486,0,210,70.0,3,84.14570696119915,0,18.496486486486486,2010-05-12 13:52:00,2010-12-09 11:31:00,3,1188.5
12495.0,1,357.4,21.023529411764706,275,275,275.0,1,0.0,0,21.023529411764706,2010-03-09 10:53:00,2010-03-09 10:53:00,1,0.0
12496.0,2,54.09,4.160769230769231,254,254,127.0,1,0.0,0,4.160769230769231,2010-03-29 13:57:00,2010-03-29 14:06:00,1,0.0
12497.0,2,5205.400000000001,121.05581395348838,35,279,139.5,2,0.0,0,121.05581395348838,2010-03-05 09:39:00,2010-11-04 12:31:00,2,1043.1
12499.0,1,393.72,14.582222222222223,194,194,194.0,1,0.0,0,14.582222222222223,2010-05-28 15:12:00,2010-05-28 15:12:00,1,0.0
12500.0,8,1697.39,19.96929411764706,69,307,38.375,5,37.08933873256637,0,19.96929411764706,2010-02-04 15:05:00,2010-09-30 18:45:00,7,4257.82
12503.0,1,1126.0,563.0,218,218,218.0,1,0.0,0,563.0,2010-05-04 13:59:00,2010-05-04 13:59:00,1,0.0
12504.0,2,297.0,27.0,51,231,115.5,2,0.0,0,27.0,2010-04-22 10:24:00,2010-10-18 15:09:00,2,482.04999999999995
12505.0,1,955.2,22.742857142857144,43,43,43.0,1,0.0,0,22.742857142857144,2010-10-27 09:18:00,2010-10-27 09:18:00,1,0.0
12507.0,1,539.25,19.258928571428573,219,219,219.0,1,0.0,0,19.258928571428573,2010-05-04 09:23:00,2010-05-04 09:23:00,1,1304.81
12510.0,7,4195.45,37.459375,93,369,52.714285714285715,5,60.968024406241014,0,37.459375,2009-12-04 13:47:00,2010-09-06 14:27:00,6,982.5699999999999
12511.0,1,3084.02,16.231684210526314,63,63,63.0,1,0.0,0,16.231684210526314,2010-10-07 10:39:00,2010-10-07 10:39:00,1,0.0
12514.0,1,580.08,17.578181818181818,276,276,276.0,1,0.0,0,17.578181818181818,2010-03-08 12:18:00,2010-03-08 12:18:00,1,1017.6800000000001
12516.0,2,1336.56,27.845,65,233,116.5,2,0.0,0,27.845,2010-04-19 14:14:00,2010-10-05 09:43:00,2,1312.06
12519.0,1,385.70000000000005,17.531818181818185,111,111,111.0,1,0.0,0,17.531818181818185,2010-08-20 08:21:00,2010-08-20 08:21:00,1,340.84000000000003
12523.0,12,2582.38,17.933194444444446,9,366,30.5,9,23.611245394745893,0,17.933194444444446,2009-12-07 13:46:00,2010-11-30 12:31:00,12,1789.77
12524.0,9,6640.39,69.17072916666667,23,303,33.666666666666664,6,41.2821303437006,0,69.17072916666667,2010-02-08 14:41:00,2010-11-16 09:08:00,8,4485.72
12525.0,3,973.73,16.228833333333334,132,281,93.66666666666667,3,22.627416997969522,0,16.228833333333334,2010-03-02 14:01:00,2010-07-29 16:08:00,3,0.0
12527.0,2,386.8,27.62857142857143,129,163,81.5,2,0.0,0,27.62857142857143,2010-06-28 15:37:00,2010-08-02 12:23:00,2,348.71000000000004
12529.0,1,316.48,15.07047619047619,162,162,162.0,1,0.0,0,15.07047619047619,2010-06-29 13:10:00,2010-06-29 13:10:00,1,0.0
12530.0,5,2096.98,22.793260869565216,49,276,55.2,5,40.36809796526625,0,22.793260869565216,2010-03-07 14:37:00,2010-10-20 15:15:00,5,1662.28
12531.0,1,1807.98,16.43618181818182,320,320,320.0,1,0.0,0,16.43618181818182,2010-01-22 14:17:00,2010-01-22 14:17:00,1,125.22
12533.0,2,1367.89,18.998472222222222,262,373,186.5,2,0.0,0,18.998472222222222,2009-12-01 11:50:00,2010-03-22 10:56:00,2,0.0
12537.0,1,732.94,17.04511627906977,43,43,43.0,1,0.0,0,17.04511627906977,2010-10-27 08:36:00,2010-10-27 08:36:00,1,0.0
12538.0,1,276.5,21.26923076923077,12,12,12.0,1,0.0,0,21.26923076923077,2010-11-26 13:02:00,2010-11-26 13:02:00,1,363.95
12539.0,3,5646.400000000001,24.443290043290045,85,350,116.66666666666667,2,187.3832970144351,0,24.443290043290045,2009-12-23 13:00:00,2010-09-15 09:50:00,2,5568.35
12540.0,16,8854.25,30.21928327645051,13,366,22.875,11,17.80235404444619,0,30.21928327645051,2009-12-07 16:56:00,2010-11-26 10:43:00,14,13400.24
12542.0,2,481.88,12.355897435897436,118,274,137.0,2,0.0,0,12.355897435897436,2010-03-09 16:26:00,2010-08-12 19:12:00,2,0.0
12543.0,1,980.25,22.796511627906977,82,82,82.0,1,0.0,0,22.796511627906977,2010-09-17 15:51:00,2010-09-17 15:51:00,1,0.0
12547.0,1,175.78,13.521538461538462,134,134,134.0,1,0.0,0,13.521538461538462,2010-07-27 13:55:00,2010-07-27 13:55:00,1,207.8
12549.0,6,1575.68,32.15673469387755,210,332,55.333333333333336,2,45.09434554353794,0,32.15673469387755,2010-01-11 12:29:00,2010-05-13 12:05:00,5,0.0
12553.0,2,916.47,19.49936170212766,20,57,28.5,2,0.0,0,19.49936170212766,2010-10-12 13:35:00,2010-11-19 12:18:00,2,3692.28
12554.0,1,468.5,18.01923076923077,83,83,83.0,1,0.0,0,18.01923076923077,2010-09-17 12:29:00,2010-09-17 12:29:00,1,0.0
12555.0,1,129.23,129.23,316,316,316.0,1,0.0,0,129.23,2010-01-26 16:26:00,2010-01-26 16:26:00,1,0.0
12557.0,4,7345.18,244.83933333333334,6,357,89.25,4,57.58761440911868,0,244.83933333333334,2009-12-17 10:39:00,2010-12-03 12:20:00,4,11370.960000000001
12562.0,2,1185.18,30.38923076923077,20,69,34.5,2,0.0,0,30.38923076923077,2010-09-30 13:13:00,2010-11-19 09:35:00,2,3781.7400000000002
12563.0,1,249.24,19.172307692307694,43,43,43.0,1,0.0,0,19.172307692307694,2010-10-27 09:52:00,2010-10-27 09:52:00,1,0.0
12567.0,7,6250.96,22.64840579710145,2,301,43.0,6,37.48822037209377,0,22.64840579710145,2010-02-11 10:30:00,2010-12-07 10:36:00,7,7458.9
12568.0,1,70.0,14.0,279,279,279.0,1,0.0,0,14.0,2010-03-05 09:15:00,2010-03-05 09:15:00,1,0.0
12570.0,1,77.52,77.52,316,316,316.0,1,0.0,0,77.52,2010-01-26 17:28:00,2010-01-26 17:28:00,1,0.0
12573.0,4,556.87,6.11945054945055,15,99,24.75,3,22.516660498395403,0,6.11945054945055,2010-08-31 17:25:00,2010-11-23 13:01:00,4,160.54000000000002
12575.0,2,622.82,16.39,91,161,80.5,2,0.0,0,16.39,2010-07-01 09:15:00,2010-09-08 13:09:00,2,0.0
12576.0,3,826.89,15.312777777777777,27,160,53.333333333333336,3,38.118237105091836,0,15.312777777777777,2010-07-01 13:46:00,2010-11-12 12:44:00,3,1315.83
12577.0,5,995.9499999999999,6.425483870967741,15,370,74.0,3,158.8825562063585,0,6.425483870967741,2009-12-03 19:31:00,2010-11-23 14:06:00,3,657.8
12578.0,2,1847.94,31.861034482758622,19,78,39.0,2,0.0,0,31.861034482758622,2010-09-22 11:19:00,2010-11-19 17:21:00,2,2794.51
12580.0,1,637.2,18.741176470588236,211,211,211.0,1,0.0,0,18.741176470588236,2010-05-12 11:45:00,2010-05-12 11:45:00,1,415.7
12582.0,2,1469.04,18.136296296296297,57,212,106.0,2,0.0,0,18.136296296296297,2010-05-11 09:55:00,2010-10-13 10:52:00,2,511.36
12583.0,13,8021.92,33.56451882845188,8,368,28.307692307692307,11,19.477259467482494,0,33.56451882845188,2009-12-06 11:57:00,2010-12-01 08:45:00,13,6425.52
12586.0,3,1865.73,22.47867469879518,9,357,119.0,3,189.50461735799473,0,22.47867469879518,2009-12-16 13:15:00,2010-11-30 10:47:00,3,196.94000000000003
12588.0,3,743.88,20.663333333333334,33,232,77.33333333333333,2,140.0071426749364,0,20.663333333333334,2010-04-21 12:22:00,2010-11-05 12:53:00,2,214.89999999999998
12589.0,6,4048.98,27.924,56,324,54.0,3,97.63605891267837,0,27.924,2010-01-19 12:26:00,2010-10-14 11:54:00,3,646.68
12591.0,2,899.3,20.91395348837209,24,43,21.5,2,0.0,0,20.91395348837209,2010-10-27 10:42:00,2010-11-14 14:32:00,2,452.84999999999997
12592.0,3,2145.06,34.04857142857143,153,153,51.0,1,0.0,0,34.04857142857143,2010-07-08 14:06:00,2010-07-08 14:26:00,1,437.6
12594.0,5,1751.89,21.628271604938273,13,280,56.0,5,32.46023207967969,0,21.628271604938273,2010-03-03 13:51:00,2010-11-26 12:17:00,5,3338.2200000000003
12595.0,1,299.02,15.737894736842104,139,139,139.0,1,0.0,0,15.737894736842104,2010-07-23 09:10:00,2010-07-23 09:10:00,1,0.0
12598.0,3,1511.01,20.419054054054055,97,283,94.33333333333333,2,127.27922061357856,0,20.419054054054055,2010-03-01 09:58:00,2010-09-02 14:22:00,3,3023.08
12599.0,6,1264.14,17.804788732394368,15,212,35.333333333333336,5,24.254896412889504,0,17.804788732394368,2010-05-11 10:42:00,2010-11-23 15:49:00,6,1032.58
12600.0,12,2521.38,36.01971428571429,5,366,30.5,9,29.10357678736725,0,36.01971428571429,2009-12-07 13:37:00,2010-12-03 12:57:00,12,2522.54
12601.0,1,104.2,17.366666666666667,39,39,39.0,1,0.0,0,17.366666666666667,2010-10-31 10:57:00,2010-10-31 10:57:00,1,577.0600000000001
12605.0,4,1232.95,16.223026315789475,10,92,23.0,3,15.620499351813308,0,16.223026315789475,2010-09-07 14:21:00,2010-11-28 14:18:00,4,0.0
12606.0,1,21.0,21.0,316,316,316.0,1,0.0,0,21.0,2010-01-26 16:23:00,2010-01-26 16:23:00,1,0.0
12608.0,1,415.79,25.986875,39,39,39.0,1,0.0,0,25.986875,2010-10-31 10:49:00,2010-10-31 10:49:00,1,0.0
12609.0,6,2309.01,20.078347826086958,8,353,58.833333333333336,6,18.352111595127138,0,20.078347826086958,2009-12-20 13:30:00,2010-11-30 14:48:00,6,1126.85
12613.0,5,3490.69,20.061436781609196,22,359,71.8,5,24.805913273518744,0,20.061436781609196,2009-12-14 13:10:00,2010-11-16 17:17:00,5,3344.38
12615.0,4,3449.79,20.907818181818183,48,265,66.25,3,65.31717487256574,0,20.907818181818183,2010-03-18 14:09:00,2010-10-22 09:45:00,3,2291.19
12616.0,1,417.8,18.990909090909092,23,23,23.0,1,0.0,0,18.990909090909092,2010-11-16 11:38:00,2010-11-16 11:38:00,1,713.3
12619.0,1,140.14,14.014,194,194,194.0,1,0.0,0,14.014,2010-05-28 12:52:00,2010-05-28 12:52:00,1,3641.24
12621.0,16,11550.75,36.43769716088328,0,303,18.9375,10,13.646907900256938,0,36.43769716088328,2010-02-09 12:01:00,2010-12-09 10:16:00,16,13225.06
12623.0,6,3442.7400000000002,22.211225806451615,51,331,55.166666666666664,6,13.315404612703288,0,22.211225806451615,2010-01-12 11:45:00,2010-10-19 09:35:00,6,305.1
12625.0,2,2481.06,25.577938144329895,143,231,115.5,2,0.0,0,25.577938144329895,2010-04-22 11:33:00,2010-07-18 15:56:00,2,2683.82
12629.0,2,1558.22,34.62711111111111,20,57,28.5,2,0.0,0,34.62711111111111,2010-10-12 16:40:00,2010-11-19 09:18:00,2,0.0
12631.0,5,2841.07,18.69125,90,327,65.4,4,45.93147069276141,0,18.69125,2010-01-15 14:50:00,2010-09-09 14:50:00,4,640.5
12632.0,2,804.88,22.99657142857143,155,199,99.5,2,0.0,0,22.99657142857143,2010-05-24 09:07:00,2010-07-07 09:39:00,2,0.0
12633.0,3,3514.18,17.142341463414635,16,160,53.333333333333336,3,52.32590180780452,0,17.142341463414635,2010-07-02 11:44:00,2010-11-22 13:09:00,3,2163.98
12634.0,2,490.0,24.5,170,182,91.0,1,0.0,0,24.5,2010-06-09 15:41:00,2010-06-22 10:05:00,2,0.0
12635.0,2,1241.23,15.913205128205128,26,91,45.5,2,0.0,0,15.913205128205128,2010-09-09 10:50:00,2010-11-12 15:46:00,2,1689.18
12636.0,1,141.0,141.0,373,373,373.0,1,0.0,0,141.0,2009-12-01 09:55:00,2009-12-01 09:55:00,1,0.0
12637.0,4,2318.41,9.462897959183673,12,177,44.25,3,47.035447625523176,0,9.462897959183673,2010-06-14 13:36:00,2010-11-26 13:50:00,4,6021.9
12638.0,1,249.8,27.755555555555556,274,274,274.0,1,0.0,0,27.755555555555556,2010-03-10 10:30:00,2010-03-10 10:30:00,1,671.69
12639.0,2,826.27,19.673095238095236,69,262,131.0,2,0.0,0,19.673095238095236,2010-03-22 09:05:00,2010-10-01 12:17:00,2,486.1
12643.0,6,5005.78,178.77785714285713,20,245,40.833333333333336,6,38.849710423631215,0,178.77785714285713,2010-04-07 14:16:00,2010-11-19 12:42:00,6,3344.64
12644.0,3,1440.58,18.00725,65,328,109.33333333333333,3,152.02795795510772,0,18.00725,2010-01-14 13:02:00,2010-10-05 10:23:00,3,477.90999999999997
12645.0,4,1764.12,20.277241379310343,43,303,75.75,4,81.06530289423048,0,20.277241379310343,2010-02-09 10:49:00,2010-10-26 18:44:00,4,1775.18
12647.0,27,15170.33,32.69467672413793,2,329,12.185185185185185,12,10.012492197250392,0,32.69467672413793,2010-01-13 15:06:00,2010-12-07 12:28:00,23,2754.02
12648.0,3,793.95,18.044318181818184,72,335,111.66666666666667,3,101.1162697096763,0,18.044318181818184,2010-01-07 18:38:00,2010-09-28 10:35:00,3,318.05
12649.0,5,1671.14,19.208505747126438,16,330,66.0,4,69.92078851576737,0,19.208505747126438,2010-01-12 17:24:00,2010-11-22 12:57:00,5,623.51
12651.0,3,263.75,12.55952380952381,13,99,33.0,3,21.213203435596427,0,12.55952380952381,2010-08-31 15:21:00,2010-11-26 11:58:00,3,114.0
12652.0,1,97.05000000000001,32.35,68,68,68.0,1,0.0,0,32.35,2010-10-01 15:16:00,2010-10-01 15:16:00,1,919.98
12653.0,1,1950.98,45.37162790697675,161,161,161.0,1,0.0,0,45.37162790697675,2010-07-01 09:56:00,2010-07-01 09:56:00,1,2209.85
12655.0,1,261.35,16.334375,58,58,58.0,1,0.0,0,16.334375,2010-10-12 09:17:00,2010-10-12 09:17:00,1,0.0
12656.0,3,2356.66,19.476528925619835,60,197,65.66666666666667,3,7.0710678118654755,0,19.476528925619835,2010-05-26 09:00:00,2010-10-10 10:43:00,3,4051.17
12661.0,1,162.0,14.727272727272727,70,70,70.0,1,0.0,0,14.727272727272727,2010-09-29 16:46:00,2010-09-29 16:46:00,1,0.0
12662.0,10,3399.7200000000003,17.799581151832463,7,252,25.2,8,14.833333333333334,0,17.799581151832463,2010-04-01 09:50:00,2010-12-01 13:04:00,10,3588.3
12663.0,2,239.4,23.94,259,302,151.0,2,0.0,0,23.94,2010-02-09 14:28:00,2010-03-25 09:40:00,2,0.0
12664.0,2,1188.16,148.52,148,361,180.5,2,0.0,0,148.52,2009-12-13 10:28:00,2010-07-13 13:28:00,2,4881.88
12665.0,2,250.6,17.9,52,303,151.5,2,0.0,0,17.9,2010-02-08 15:11:00,2010-10-18 11:34:00,2,63.0
12666.0,1,1248.42,40.27161290322581,28,28,28.0,1,0.0,0,40.27161290322581,2010-11-10 16:40:00,2010-11-10 16:40:00,1,0.0
